Date,Open,High,Low,Close,Volume,Dividends,Stock Splits,Capital Gains
2024-06-12,891.3816416383064,896.2339286647431,877.5561883665015,880.0465698242188,251016,0.0,0.0,0.0
2024-06-13,889.1186192198386,950.6760033517414,881.548674882155,945.9917602539062,1082726,0.0,0.0,0.0
2024-06-14,963.5330016696898,963.5330016696898,929.9328764832596,935.3088989257812,100018,0.0,0.0,0.0
2024-06-20,938.9753061526092,954.6388701118848,938.8270461762843,939.8646850585938,165345,0.0,0.0,0.0
2024-06-21,946.6637587120318,946.6736507526014,904.189266660411,906.6301879882812,247404,0.0,0.0,0.0
2024-06-24,894.8602721144914,906.6202795716775,886.4503488972591,889.7609252929688,130452,0.0,0.0,0.0
2024-06-25,889.4150953404773,902.647629957311,879.52281335153,893.7534790039062,455950,0.0,0.0,0.0
2024-06-26,893.7633425112186,902.7068930653774,889.4150669458887,891.3816528320312,133057,0.0,0.0,0.0
2024-06-27,892.3698773918068,903.7445173262576,889.415052590084,892.3599853515625,111105,0.0,0.0,0.0
2024-06-28,899.2974175046298,900.6809761200252,884.4837257395825,896.0658569335938,81042,0.0,0.0,0.0
2024-07-01,895.3445574093975,901.2739915644265,884.4739281251774,888.4169921875,341903,0.0,0.0,0.0
2024-07-02,889.4150968608577,899.1789029717827,889.4150968608577,891.0457153320312,194171,0.0,0.0,0.0
2024-07-03,898.1511444106567,906.2151479773553,889.5237770678967,902.43017578125,103739,0.0,0.0,0.0
2024-07-04,902.2523179889877,927.9564241160734,901.2739710264739,915.23779296875,383353,0.0,0.0,0.0
2024-07-05,920.0504869723111,920.0504869723111,901.2739464218557,908.2608032226562,124806,0.0,0.0,0.0
2024-07-08,905.226872093018,926.9582368061394,905.226872093018,917.2537231445312,171837,0.0,0.0,0.0
2024-07-09,923.9935416330163,927.7093297978113,909.1798491760175,913.0142211914062,92486,0.0,0.0,0.0
2024-07-10,909.970436771686,918.9337715194677,897.5186498046492,899.7421875,70321,0.0,0.0,0.0
2024-07-11,907.5986789145028,907.5986789145028,894.8800484098404,895.7299194335938,49481,0.0,0.0,0.0
2024-07-12,891.2136609332312,899.1986485721823,879.641361065074,892.616943359375,65700,0.0,0.0,0.0
2024-07-15,900.9774544006623,919.0622149540361,897.3209582561988,913.6071166992188,172639,0.0,0.0,0.0
2024-07-16,913.6071166992188,913.6071166992188,913.6071166992188,913.6071166992188,0,0.0,0.0,0.0
2024-07-17,913.6071166992188,913.6071166992188,913.6071166992188,913.6071166992188,0,0.0,0.0,0.0
2024-07-18,914.1210195357504,919.0622142359437,909.3083007231477,916.7200927734375,46238,0.0,0.0,0.0
2024-07-19,918.0740052411152,925.9799170192948,909.179854490663,916.789306640625,120286,0.0,0.0,0.0
2024-07-22,910.1680777276862,916.7892907909063,889.3162599001577,898.9713134765625,146243,0.0,0.0,0.0
2024-07-23,903.7445102655931,905.1675767513121,885.4719819231319,896.97509765625,130416,0.0,0.0,0.0
2024-07-24,898.2992889087324,904.120030640981,890.4032695652453,901.876708984375,35821,0.0,0.0,0.0
2024-07-25,891.3915354782637,903.2504029125644,889.3656576883678,892.7553100585938,38839,0.0,0.0,0.0
2024-07-26,893.368039727334,899.198673848058,880.6197327326153,890.1265869140625,112225,0.0,0.0,0.0
2024-07-29,885.4621222315099,903.2504237941964,885.4621222315099,892.033935546875,71928,0.0,0.0,0.0
2024-07-30,896.332776772311,899.0899418796789,883.5548536866123,884.8099365234375,48696,0.0,0.0,0.0
2024-07-31,892.3699203465993,892.3699203465993,851.9608133693154,860.7561645507812,99298,0.0,0.0,0.0
2024-08-01,879.305357100234,879.305357100234,842.2365058153007,870.3815307617188,108380,0.0,0.0,0.0
2024-08-02,869.6502942375399,879.5326839447847,861.764166552701,875.6785278320312,75702,0.0,0.0,0.0
2024-08-05,889.3952843860636,889.4150684669052,851.0714086897958,859.4615478515625,77775,0.0,0.0,0.0
2024-08-06,857.7914383104459,868.6620671369608,841.2681114464573,845.359375,75301,0.0,0.0,0.0
2024-08-07,838.0266178197264,853.8384407974571,838.0266178197264,846.39697265625,80785,0.0,0.0,0.0
2024-08-08,851.8619908833903,861.7443805688124,851.8619908833903,859.5900268554688,104008,0.0,0.0,0.0
2024-08-09,869.6502654959136,875.085579655263,859.7678761152782,869.1166381835938,188461,0.0,0.0,0.0
2024-08-12,869.6700948492252,879.5327006629818,847.9189450393613,850.4883422851562,75059,0.0,0.0,0.0
2024-08-13,850.8737569421305,860.7561466859415,841.1890270566597,858.2262573242188,47690,0.0,0.0,0.0
2024-08-15,844.964084191249,862.4163574644429,834.1724714561019,838.1254272460938,52423,0.0,0.0,0.0
2024-08-16,840.0031217735908,865.5886431000043,840.0031217735908,854.5895385742188,53771,0.0,0.0,0.0
2024-08-19,854.8267550952069,859.6592583949663,840.5960890337448,842.9876708984375,40874,0.0,0.0,0.0
2024-08-20,845.4878583562408,845.9325779665332,829.1424071270577,839.52880859375,38419,0.0,0.0,0.0
2024-08-21,841.9795875834064,844.7466445871182,835.259574769444,839.8746337890625,31554,0.0,0.0,0.0
2024-08-22,846.8910913499277,854.8167869118098,840.0129869639875,851.6741943359375,56525,0.0,0.0,0.0
2024-08-23,845.9325647568586,853.8384765770161,837.0384139591813,839.963623046875,29739,0.0,0.0,0.0
2024-08-26,840.0031354670738,846.9208083473908,828.1739437940455,830.0812377929688,24791,0.0,0.0,0.0
2024-08-27,838.0167633448744,838.0167633448744,823.2030706793394,824.675537109375,30752,0.0,0.0,0.0
2024-08-28,820.2383584314472,824.9818935010805,817.2736414732613,820.337158203125,40694,0.0,0.0,0.0
2024-08-29,820.2383585089528,826.7113118048063,819.2501195227975,819.9320068359375,14635,0.0,0.0,0.0
2024-08-30,820.2383186726763,825.1795133634756,818.765852305589,820.0209350585938,19073,0.0,0.0,0.0
2024-09-02,830.1107977296726,830.1107977296726,816.8288642806663,817.8961791992188,19952,0.0,0.0,0.0
2024-09-03,820.2383243450859,820.2383243450859,811.35406588036,817.7084350585938,13039,0.0,0.0,0.0
2024-09-04,825.1597509627921,835.0421406040331,815.3959451718605,832.0082397460938,126252,0.0,0.0,0.0
2024-09-05,835.0619603832197,835.0619603832197,822.9066326683248,831.5240478515625,52801,0.0,0.0,0.0
2024-09-06,834.982871764288,839.0149037382404,829.1424058644593,832.7692260742188,36093,0.0,0.0,0.0
2024-09-09,838.0266520366886,849.885519754189,831.1484870463031,843.4817504882812,32658,0.0,0.0,0.0
2024-09-10,835.506671626339,878.5345758182686,835.506671626339,865.7566528320312,179821,0.0,0.0,0.0
2024-09-11,874.7891507246096,877.5562077847914,860.7759293293678,868.6422729492188,289411,0.0,0.0,0.0
2024-09-12,857.4964049352259,874.0961708842215,842.8798857762922,848.47265625,274866,3.0,0.0,0.0
2024-09-13,860.6101491074137,864.6956328058235,842.9394122842259,844.5458374023438,219058,0.0,0.0,0.0
2024-09-16,848.6213876866304,848.8296503941363,834.1040667668316,838.7646484375,90724,0.0,0.0,0.0
2024-09-17,838.7646484375,838.7646484375,838.7646484375,838.7646484375,0,0.0,0.0,0.0
2024-09-18,839.905048821204,852.8160053029602,839.905048821204,848.2743530273438,128004,0.0,0.0,0.0
2024-09-19,849.8113507471949,876.3967723955465,847.838029811923,859.24169921875,218039,0.0,0.0,0.0
2024-09-20,872.1228843369154,892.6594274448826,853.4903017995435,883.7943115234375,796606,0.0,0.0,0.0
2024-09-23,879.569943548877,887.502930638382,873.1243915386541,879.7285766601562,70106,0.0,0.0,0.0
2024-09-24,886.5013675238358,886.5013675238358,867.6704493973093,877.7255249023438,239434,0.0,0.0,0.0
2024-09-25,891.419873685143,891.4694427507072,869.5446637511702,888.6829833984375,225962,0.0,0.0,0.0
2024-09-26,892.4610668100015,895.3268729836027,877.6858538277023,883.3579711914062,257603,0.0,0.0,0.0
2024-09-27,882.5448370322417,891.9652594500017,875.762106260943,888.3656616210938,178960,0.0,0.0,0.0
2024-09-30,892.3618972786029,892.3618972786029,872.6285679528415,876.6347045898438,265961,0.0,0.0,0.0
2024-10-01,878.5783304535461,892.4610580227894,876.5950836579399,881.9696655273438,274590,0.0,0.0,0.0
2024-10-02,891.4000081304222,891.4000081304222,863.8130381137913,887.6119995117188,320925,0.0,0.0,0.0
2024-10-03,890.943839823245,898.4107930153357,882.5448187457491,893.3634033203125,884628,0.0,0.0,0.0
2024-10-04,898.2521483446595,936.0924698601922,892.461041180268,924.4309692382812,835312,0.0,0.0,0.0
2024-10-07,925.1846609041067,933.1176483502298,914.3858672173378,918.0350341796875,183827,0.0,0.0,0.0
2024-10-08,918.2432839508722,927.1678947020146,888.4945814470642,897.2605590820312,666169,0.0,0.0,0.0
2024-10-09,897.2605590820312,897.2605590820312,897.2605590820312,897.2605590820312,0,0.0,0.0,0.0
2024-10-10,881.5531946207699,881.6622586680493,863.7039735823291,866.4705810546875,398049,0.0,0.0,0.0
2024-10-11,869.3463298034478,869.356255721371,820.0725601356478,838.040771484375,980211,0.0,0.0,0.0
2024-10-14,838.9034724253211,843.3757036535023,823.6920033274648,837.5053100585938,381088,0.0,0.0,0.0
2024-10-15,837.9317069547083,844.7243031003027,828.6004967778316,837.108642578125,231507,0.0,0.0,0.0
2024-10-16,839.9049932225516,846.8067136567579,832.1703430520802,833.4990844726562,74381,0.0,0.0,0.0
2024-10-17,837.9217453664556,847.8379790394314,830.9803817953725,833.5784301757812,51916,0.0,0.0,0.0
2024-10-18,837.8226528042073,839.8951118611931,826.0223098820504,830.7225952148438,50103,0.0,0.0,0.0
2024-10-21,835.6410469465751,839.7562477208777,831.0795430159225,837.3961791992188,39577,0.0,0.0,0.0
2024-10-22,839.9050496336328,865.6872589494232,832.9636855870738,859.271484375,235108,0.0,0.0,0.0
2024-10-23,864.685701869788,872.6286151987721,843.8715358342671,856.365966796875,210643,0.0,0.0,0.0
2024-10-24,856.4056511065056,884.5280763165772,856.3659474350587,882.58447265625,398823,0.0,0.0,0.0
2024-10-25,899.3925177030677,913.1860333944284,889.4862094025739,901.7625122070312,554860,0.0,0.0,0.0
2024-10-28,907.3354172542415,937.0741935414079,894.4443129653835,908.3865356445312,277842,0.0,0.0,0.0
2024-10-29,902.3772660065403,932.1259670836789,902.3772660065403,911.0341186523438,289848,0.0,0.0,0.0
2024-10-30,913.2851624523295,921.1190116166882,882.5547625982608,893.1849365234375,199515,0.0,0.0,0.0
2024-10-31,897.1217224311843,900.3940676206221,870.6453649459319,875.8018188476562,238326,0.0,0.0,0.0
2024-11-01,879.5600056601604,931.0947038113796,871.6369445961742,914.6832885742188,289426,0.0,0.0,0.0
2024-11-04,914.2767742912662,962.8167517990348,914.2767742912662,950.6395874023438,364382,0.0,0.0,0.0
2024-11-05,965.7420612297319,984.6820441123676,954.9333418733232,978.4943237304688,413402,0.0,0.0,0.0
2024-11-06,988.5989331611327,1009.4725930441542,977.7406451292103,993.2297973632812,440970,0.0,0.0,0.0
2024-11-07,1011.455879301867,1021.3721134126696,996.581528135663,1007.5984497070312,121116,0.0,0.0,0.0
2024-11-08,1011.4459477283281,1011.4459477283281,991.6234055354957,993.5372314453125,65897,0.0,0.0,0.0
2024-11-11,1001.5098378250284,1007.4893558685095,977.7406544156992,985.4058837890625,170978,0.0,0.0,0.0
2024-11-12,987.6569060946905,996.5616648562933,979.7239188971428,981.4196166992188,150508,0.0,0.0,0.0
2024-11-13,985.0489085392899,1014.4307140229406,980.7155192264793,1009.8196411132812,326372,0.0,0.0,0.0
2024-11-14,1021.3720837868088,1038.2296812862028,1011.6739780562796,1032.58740234375,328131,0.0,0.0,0.0
2024-11-15,1036.2364861925646,1039.211356275177,1018.3971916143207,1036.38525390625,174331,0.0,0.0,0.0
2024-11-18,1036.2464571246917,1051.1208081838977,1028.8092815950886,1049.4251708984375,357919,0.0,0.0,0.0
2024-11-19,1001.6982363191325,1050.4167578292208,1001.6982363191325,1037.267822265625,36753,0.0,0.0,0.0
2024-11-20,1032.2799441840073,1046.1626715793734,1013.4589516970766,1019.3292846679688,448085,0.0,0.0,0.0
2024-11-21,1001.7379993522139,1035.006953266196,1001.7379993522139,1032.4486083984375,68353,0.0,0.0,0.0
2024-11-22,1031.1593990743625,1041.3632423874328,1016.4139642591673,1018.2881469726562,300360,0.0,0.0,0.0
2024-11-25,1018.3972181760805,1031.2684703682469,981.7071528669131,990.4136352539062,157170,0.0,0.0,0.0
2024-11-26,990.4037371951417,990.4037371951417,917.2516585304271,940.12841796875,576284,0.0,0.0,0.0
2024-11-27,951.9584903816808,1031.2883645801542,951.859352248489,987.369384765625,486464,0.0,0.0,0.0
2024-11-28,989.6401392458988,1021.3720875984727,986.665269087845,1011.1286010742188,215710,0.0,0.0,0.0
2024-11-29,1010.4642627796532,1022.7604173704336,1005.5061456904497,1011.0096435546875,63387,0.0,0.0,0.0
2024-12-02,1016.4139623747388,1045.1710403346096,1011.0096028602615,1031.387451171875,176187,0.0,0.0,0.0
2024-12-03,1032.4088951496992,1053.0049329316562,1031.2883558442265,1049.325927734375,405612,0.0,0.0,0.0
2024-12-04,1049.3259190613078,1063.0202964685618,1036.2464643746707,1058.08203125,284601,0.0,0.0,0.0
2024-12-05,1058.0819945789308,1111.6098050756802,1042.6522767373924,1109.507568359375,488098,0.0,0.0,0.0
2024-12-06,1110.6281591478362,1131.4423251028468,1090.7857647792564,1105.322998046875,266819,0.0,0.0,0.0
2024-12-09,1110.7272431328552,1208.7591153790713,1093.7605817262793,1157.3533935546875,288292,0.0,0.0,0.0
2024-12-10,1184.9799920702778,1273.0857036039943,1147.3082302190758,1192.466796875,1022643,0.0,0.0,0.0
2024-12-11,1199.864299425838,1244.4873518838237,1194.9061824860617,1208.3228759765625,255483,0.0,0.0,0.0
2024-12-12,1218.705200603237,1249.4455270627166,1193.9146147488182,1214.8179931640625,594520,0.0,0.0,0.0
2024-12-13,1214.7386493912115,1260.3533252050856,1204.8720451071038,1246.877197265625,332665,0.0,0.0,0.0
2024-12-16,1249.445430625397,1259.361664201789,1209.7904222372272,1228.462646484375,559581,0.0,0.0,0.0
2024-12-17,1214.738658163784,1239.5093911887368,1165.1574884428132,1172.6739501953125,433497,0.0,0.0,0.0
2024-12-18,1181.0235079601684,1187.9648719868026,1103.3496880793348,1126.1767578125,296068,0.0,0.0,0.0
2024-12-19,1115.5762788541663,1167.1406935212033,1041.2045269305552,1075.0982666015625,542495,0.0,0.0,0.0
2024-12-20,1074.9197747327044,1111.5999149265228,1064.0119172400293,1098.153564453125,281707,0.0,0.0,0.0
2024-12-23,1115.5763267503082,1125.472708930191,1042.196195035177,1122.6466064453125,179862,0.0,0.0,0.0
2024-12-24,1122.5176575769167,1142.350125025272,1100.7019433837256,1106.4434814453125,143904,0.0,0.0,0.0
2024-12-26,1106.7508343554668,1110.6181897615131,1051.120786738575,1055.0872802734375,292070,0.0,0.0,0.0
2024-12-27,1061.0370290600745,1078.8862501096833,1057.0705354934948,1062.2269287109375,171856,0.0,0.0,0.0
2024-12-30,1070.9532914831918,1101.1978057334115,1046.162706032192,1089.7445068359375,192193,0.0,0.0,0.0
2024-12-31,1105.6600714081774,1130.450655968899,1082.109016075492,1091.2716064453125,363139,0.0,0.0,0.0
2025-01-01,1091.2716064453125,1091.2716064453125,1091.2716064453125,1091.2716064453125,0,0.0,0.0,0.0
2025-01-02,1189.9481089823976,1219.6968117069575,1145.3250548955577,1182.4613037109375,362258,0.0,0.0,0.0
2025-01-03,1208.7888927699112,1208.7888927699112,1091.7872605686455,1138.076171875,487084,0.0,0.0,0.0
2025-01-06,1149.192351906164,1156.213001814246,1115.5762953306455,1138.5819091796875,183759,0.0,0.0,0.0
2025-01-07,1141.3585895524905,1146.217568661098,1088.8025467668415,1141.3089599609375,274356,0.0,0.0,0.0
2025-01-08,1140.3768846251837,1162.1826744387224,1120.5344898598603,1125.0364990234375,178703,0.0,0.0,0.0
2025-01-09,1127.4758438639365,1137.3920781987115,1082.7932338485039,1093.02685546875,174588,0.0,0.0,0.0
2025-01-10,1090.7857731450663,1115.278823450211,1069.5650075306876,1085.56982421875,215238,0.0,0.0,0.0
2025-01-13,1086.848988081396,1110.61817113904,1086.848988081396,1094.752197265625,103194,0.0,0.0,0.0
2025-01-14,1105.16425979814,1114.5846819319058,1084.945044503197,1107.1673583984375,150508,0.0,0.0,0.0
2025-01-15,1095.8430373389879,1119.5428617213888,1089.794158575559,1101.336669921875,97947,0.0,0.0,0.0
2025-01-16,1101.6935840316064,1101.6935840316064,1081.8809681076652,1089.94287109375,87074,0.0,0.0,0.0
2025-01-17,1088.8025167926462,1125.4826574696253,1081.266202998902,1118.8487548828125,267300,0.0,0.0,0.0
2025-01-20,1135.40878892058,1135.40878892058,1120.5344379740222,1123.4696044921875,84935,0.0,0.0,0.0
2025-01-21,1122.5176606758218,1129.4590243019093,1088.802465920541,1092.2532958984375,82978,0.0,0.0,0.0
2025-01-22,1100.7019176821768,1109.6265278255457,1078.7572881210708,1088.2470703125,150327,0.0,0.0,0.0
2025-01-23,1100.6920354811916,1104.6585290357823,1089.5461982766142,1097.5584716796875,50224,0.0,0.0,0.0
2025-01-24,1100.701986549429,1120.5344547755449,1096.3388193301275,1099.859130859375,117687,0.0,0.0,0.0
2025-01-27,1100.7020070502697,1109.6266179182448,1081.8611618845443,1089.45703125,102444,0.0,0.0,0.0
2025-01-28,1097.7270472254213,1109.616601494836,1067.9783467586078,1075.7327880859375,355994,0.0,0.0,0.0
2025-01-29,1076.9029638873112,1085.8275740852723,1064.1109983940123,1067.135498046875,127451,0.0,0.0,0.0
2025-01-30,1061.0370025233478,1109.626547498716,1061.0370025233478,1104.3907470703125,594472,0.0,0.0,0.0
2025-01-31,1140.3668560132842,1199.8841090312908,1130.450622482734,1170.948486328125,1070641,0.0,0.0,0.0
2025-02-03,1174.0821004720306,1229.6130106294916,1168.3405622758185,1189.4224853515625,718482,0.0,0.0,0.0
2025-02-04,1199.8642755756064,1207.7873366040565,1175.0736913694986,1185.733642578125,342632,0.0,0.0,0.0
2025-02-06,1184.9899214892957,1189.9480383156108,1165.1574541840355,1184.5338134765625,483790,0.0,0.0,0.0
2025-02-07,1178.1477670045183,1204.8224613459308,1178.1477670045183,1199.2098388671875,83026,0.0,0.0,0.0
2025-02-10,1200.8559103849823,1204.8224038957503,1180.230095709879,1198.9718017578125,109996,0.0,0.0,0.0
2025-02-11,1204.1084903127562,1217.7135342992253,1199.8643131124288,1208.38232421875,249830,0.0,0.0,0.0
2025-02-12,1208.3823831138309,1209.7806060683222,1196.7903631143586,1197.9703369140625,172098,0.0,0.0,0.0
2025-02-13,1204.8223963714313,1239.5292143739007,1200.855902885435,1231.7449951171875,1673924,0.0,0.0,0.0
2025-02-14,1354.9244384765625,1354.9244384765625,1333.7334516004794,1354.9244384765625,536482,0.0,0.0,0.0
2025-02-17,1355.5491431434525,1428.9292723260535,1348.6077795721253,1392.5367431640625,1017829,0.0,0.0,0.0
2025-02-18,1398.1889705106933,1478.5104645613076,1369.4517442291176,1447.423095703125,694511,0.0,0.0,0.0
2025-02-19,1455.6040719689545,1461.6529507441599,1380.339828653915,1390.4246826171875,535671,0.0,0.0,0.0
2025-02-20,1388.2727084555236,1437.8538766146494,1368.4402411918734,1384.2269287109375,645471,0.0,0.0,0.0
2025-02-21,1522.647643277065,1522.647643277065,1393.2308647931347,1410.6041259765625,2132716,0.0,0.0,0.0
2025-02-24,1389.2644275079444,1459.6597652251135,1359.6148626970407,1437.229248046875,1462920,0.0,0.0,0.0
2025-02-25,1447.7701086837164,1467.6025759259592,1427.9376414414737,1444.081298828125,421255,0.0,0.0,0.0
2025-02-26,289.1573775559856,292.7232633864349,287.57077412909155,289.5401306152344,1248690,0.0,0.0,0.0
2025-02-27,290.9422988315962,291.5154600606111,284.1992718320417,284.9786682128906,796900,0.0,0.0,0.0
2025-02-28,286.55933944801177,286.55933944801177,278.8643322225715,282.4460754394531,936540,0.0,0.0,0.0
2025-03-03,1403.3950668115324,1421.98800622345,1397.1974203408934,1400.88623046875,161766,0.0,0.0,0.0
2025-03-04,1400.88623046875,1400.88623046875,1400.88623046875,1400.88623046875,0,0.0,0.0,0.0
2025-03-05,1420.996325405528,1447.7701570775093,1417.0298318244936,1422.29541015625,284831,0.0,0.0,0.0
2025-03-06,1425.0620237180094,1437.8539903242438,1420.7484859565934,1422.9102783203125,178135,0.0,0.0,0.0
2025-03-07,1427.927715481341,1445.6678719547297,1421.9879012262888,1436.8126220703125,323720,0.0,5.0,0.0
2025-03-10,1437.8539283989674,1450.7450325846135,1427.937694410009,1436.3565673828125,129248,0.0,0.0,0.0
2025-03-11,1435.8706899536871,1437.8539367630153,1420.0047154790607,1426.2420654296875,131405,0.0,0.0,0.0
2025-03-12,1429.9209359070726,1431.9041826975124,1416.0382083739944,1418.9139404296875,83982,0.0,0.0,0.0
2025-03-13,1421.9879901784889,1471.5691613841545,1421.9879901784889,1459.0052490234375,441742,0.0,0.0,0.0
2025-03-14,1477.5188471491845,1477.5188471491845,1443.4069784148426,1451.845703125,420086,0.0,0.0,0.0
2025-03-17,1457.6764271514403,1486.4434307825618,1452.7282362217832,1480.4837646484375,415549,0.0,0.0,0.0
2025-03-18,1487.4351602084273,1512.2257462119012,1480.0476139985053,1504.094482421875,524935,0.0,0.0,0.0
2025-03-19,1502.309489948262,1532.0581927195146,1477.5189043055514,1521.76513671875,578664,0.0,0.0,0.0
2025-03-20,1535.0230629801138,1556.848703210214,1527.298278131445,1536.510498046875,554306,0.0,0.0,0.0
2025-03-21,1538.1069874165235,1546.9324596329589,1507.3171543582632,1514.9923095703125,166226,0.0,0.0,0.0
2025-03-24,1525.116795788992,1529.0832894061286,1476.5272489790698,1483.914794921875,242494,0.0,0.0,0.0
2025-03-25,1483.4686670549677,1494.6244307610962,1460.661327922438,1485.322998046875,153127,0.0,0.0,0.0
2025-03-26,1497.3513694437536,1502.309486561117,1467.6026667395731,1478.7882080078125,212439,0.0,0.0,0.0
2025-03-27,1473.5623404201506,1505.2843642086837,1467.8009501986037,1484.0635986328125,265302,0.0,0.0,0.0
2025-03-28,1484.0635986328125,1484.0635986328125,1484.0635986328125,1484.0635986328125,0,0.0,0.0,0.0
2025-03-31,1484.0635986328125,1484.0635986328125,1484.0635986328125,1484.0635986328125,0,0.0,0.0,0.0
2025-04-03,1477.5189188614759,1517.0747922284072,1473.5623510377432,1503.5589599609375,292519,0.0,0.0,0.0
2025-04-04,1502.309502598916,1517.1342245189805,1484.4602807858596,1488.8333740234375,311559,0.0,0.0,0.0
2025-04-07,1477.5188506604927,1487.435084557543,1400.1722262635003,1463.6956787109375,586054,0.0,0.0,0.0
2025-04-08,1487.4450163299714,1608.2148681727958,1481.4853500505644,1560.9639892578125,2063508,0.0,0.0,0.0
2025-04-09,1566.7649935703075,1566.7649935703075,1528.091680437876,1547.904296875,605409,0.0,0.0,0.0
2025-04-10,317.91448268372164,322.4759565854687,313.35500607040854,317.68243408203125,3984900,0.0,0.0,0.0
2025-04-11,315.3362400504213,320.0960202482913,312.95634995148623,317.904541015625,2280510,0.0,0.0,0.0
2025-04-14,320.39353327475914,336.9536262429822,318.33093961305116,335.08740234375,5140045,0.0,0.0,0.0
2025-04-15,337.1519464129092,346.4732000554656,332.19382955389585,340.3707580566406,5753460,0.0,0.0,0.0
2025-04-16,341.11844268633706,351.23301326611653,339.1351959265328,342.2171630859375,3784775,0.0,0.0,0.0
2025-04-17,343.49834753806994,349.03162318289657,342.50672411546464,344.747802734375,2238735,0.0,0.0,0.0
2025-04-18,346.83021472719855,356.19114216991045,344.68830452299045,347.35577392578125,5546650,0.0,0.0,0.0
2025-04-21,347.35577392578125,347.35577392578125,347.35577392578125,347.35577392578125,0,0.0,5.0,0.0
2025-04-22,347.35577392578125,347.35577392578125,347.35577392578125,347.35577392578125,0,0.0,0.0,0.0
2025-04-23,347.35577392578125,347.35577392578125,347.35577392578125,347.35577392578125,0,0.0,0.0,0.0
2025-04-24,347.35577392578125,347.35577392578125,347.35577392578125,347.35577392578125,0,0.0,0.0,0.0
2025-04-25,347.35577392578125,347.35577392578125,347.35577392578125,347.35577392578125,0,0.0,0.0,0.0
2025-04-28,347.35577392578125,347.35577392578125,347.35577392578125,347.35577392578125,0,0.0,0.0,0.0
2025-04-29,355.00117670451937,360.93109552254293,332.19383853635196,346.2352294921875,7838604,0.0,0.0,0.0
2025-04-30,337.1519563502324,341.0589549712465,322.27760533478096,324.5484313964844,5286939,0.0,0.0,0.0
2025-05-02,333.2846415204489,339.1352137163833,330.2106028291101,333.978759765625,4552166,0.0,0.0,0.0
2025-05-05,334.1770867569693,337.1519569654883,325.2524761314122,332.2037658691406,3188998,0.0,0.0,0.0
2025-05-06,336.4677193409634,336.4677193409634,317.31947470989377,320.60174560546875,2354625,0.0,0.0,0.0
2025-05-07,297.49693978393896,315.7725514062601,293.52052034810373,302.3658142089844,7169114,0.0,0.0,0.0
2025-05-08,303.5458140072274,315.2866612898897,272.1311930386601,285.27020263671875,7396858,0.0,0.0,0.0
2025-05-09,292.52890111080524,306.41162862114857,277.8032876635165,304.497802734375,3642443,0.0,0.0,0.0
2025-05-12,334.9505615234375,334.9505615234375,334.9505615234375,334.9505615234375,876832,0.0,0.0,0.0
2025-05-13,348.05981911042204,352.01638685751294,334.9703779108931,348.24822998046875,6259987,0.0,0.0,0.0
2025-05-14,361.8929873078341,361.8929873078341,340.12684064843984,348.15899658203125,5816281,0.0,0.0,0.0
2025-05-15,348.15896919592853,351.0346708994962,340.1268138941446,344.5791931152344,2643581,0.0,0.0,0.0
2025-05-16,346.0765738342315,346.0765738342315,338.6393981787681,339.5021057128906,1051595,0.0,0.0,0.0
2025-05-19,342.11007013312303,344.09331691650345,332.2930046077788,335.31744384765625,1389149,0.0,0.0,0.0
2025-05-20,336.16033010067446,343.10169384906595,330.032104797104,334.3456726074219,1331099,0.0,0.0,0.0
2025-05-21,334.1671702032754,335.25796202935453,330.8055825096605,332.5805969238281,1037102,0.0,0.0,0.0
2025-05-22,332.69956690895435,334.0580860853988,320.80998211179497,322.2676696777344,1883910,0.0,0.0,0.0
2025-05-23,324.22117944040957,327.72160884326536,317.36905809279057,322.09912109375,917946,0.0,0.0,0.0
2025-05-26,318.321023170232,325.07397580314546,318.321023170232,320.17535400390625,495875,0.0,0.0,0.0
2025-05-27,322.2875336515987,327.02749233332725,316.8236789874298,321.5140686035156,2294998,0.0,0.0,0.0
2025-05-28,321.5140686035156,321.5140686035156,321.5140686035156,321.5140686035156,0,0.0,0.0,0.0
2025-05-29,323.23946957593,337.0527757907785,322.0296878598663,330.58740234375,2756891,0.0,0.0,0.0
2025-05-30,332.6301698284509,335.1687234191909,330.70641792988215,332.80865478515625,827975,0.0,0.0,0.0
2025-06-02,333.2350220659519,337.0032090368327,327.23571276994704,328.9908752441406,984536,0.0,0.0,0.0
2025-06-03,332.19382664476126,340.6226252312701,331.20220328164254,336.41815185546875,2955173,0.0,0.0,0.0
2025-06-04,340.12681285600604,345.1840980499855,338.6393778143617,342.7149353027344,3330662,0.0,0.0,0.0
2025-06-05,342.7149531589649,344.5891359348187,337.76676201310454,339.1947021484375,816940,0.0,0.0,0.0
2025-06-06,339.1947021484375,339.1947021484375,339.1947021484375,339.1947021484375,0,0.0,0.0,0.0
2025-06-09,339.1947021484375,339.1947021484375,339.1947021484375,339.1947021484375,0,0.0,0.0,0.0
2025-06-10,340.1268274227739,340.1367533406318,332.04510273610856,332.6698303222656,1141529,0.0,0.0,0.0
2025-06-11,342.1100790772118,351.03468983574777,337.2610260393403,349.18035888671875,5565026,0.0,0.0,0.0
2025-06-12,352.0263208967916,370.86716624056356,349.06137649756806,353.0179443359375,9603356,0.0,0.0,0.0
2025-06-13,345.084935737159,348.0598058728242,338.63938377655114,342.82403564453125,3402914,0.0,0.0,0.0
2025-06-16,342.82403564453125,342.82403564453125,342.82403564453125,342.82403564453125,0,0.0,0.0,0.0
2025-06-17,342.82404365377135,349.0415114882676,337.112283176031,337.9948425292969,2370083,0.0,0.0,0.0
2025-06-18,333.1854569053005,333.6812685971239,325.94661830945705,328.7528991699219,2056615,0.0,0.0,0.0
2025-06-19,328.72316985129123,334.18702468105846,322.2776175012659,325.69873046875,2994913,0.0,0.0,0.0
2025-06-20,325.1334744851847,330.11141289431686,323.26921771290483,327.1662902832031,761312,0.0,0.0,0.0
2025-06-23,317.5178321979422,324.1517953197825,312.3613782927754,314.0074768066406,1695746,0.0,0.0,0.0
2025-06-24,332.6896477299766,345.03537105454035,328.33640651710596,343.5181884765625,4684225,0.0,0.0,0.0
2025-06-25,345.0849496925951,346.57238482058045,342.11007943662446,344.8271179199219,1642530,0.0,0.0,0.0
2025-06-26,344.83703876567625,348.0598148289069,337.53870503744747,338.4212341308594,1506811,0.0,0.0,0.0
2025-06-27,339.73019074765574,361.9425493688626,338.4212405665234,352.90887451171875,6413957,0.0,0.0,0.0
2025-06-30,354.10871746213536,355.99279584457855,350.052981441746,352.2642822265625,1632314,0.0,0.0,0.0
2025-07-01,354.0095437231305,354.0095437231305,345.06511180403345,346.8302001953125,2143278,0.0,0.0,0.0
2025-07-02,347.06819506542644,350.9355203294807,345.0849482364811,345.87823486328125,989113,0.0,0.0,0.0
2025-07-03,347.03844942315374,352.52212572393717,345.15437097800276,346.7310485839844,1500526,0.0,0.0,0.0
2025-07-04,350.0331330140379,351.53049402643535,347.06818874260193,350.12237548828125,962543,0.0,0.0,0.0
2025-07-07,352.0163932788104,355.0011895000497,349.05144889390357,353.6029968261719,1531676,0.0,0.0,0.0
2025-07-08,355.0011835521918,356.617534565025,349.1208639478393,352.0560607910156,1740065,0.0,0.0,0.0
2025-07-09,353.5038101959694,354.0095478052275,347.31608996857403,349.4679260253906,1014954,0.0,0.0,0.0
2025-07-10,351.03469304004403,351.28259889671074,347.06819933337687,350.4198913574219,1390682,0.0,0.0,0.0
2025-07-11,351.4710013084746,356.8852566144041,348.55562608329467,349.0316162109375,1637078,0.0,0.0,0.0
2025-07-14,350.0430649605602,352.81959841354296,347.81191228021663,350.2314758300781,1083505,0.0,0.0,0.0
2025-07-15,351.034679455085,353.0179262316674,346.07656251362897,346.93927001953125,1176731,0.0,0.0,0.0
2025-07-16,347.0681974744482,348.1589892903284,342.1100803676704,346.6913757324219,867656,0.0,0.0,0.0
2025-07-17,348.01023738464414,356.0919618808546,346.07655968848394,355.29864501953125,2044005,0.0,0.0,0.0
2025-07-18,355.50692418483237,371.71004733632407,351.74866292646396,355.7052307128906,5228348,0.0,0.0,0.0
2025-07-21,355.49699861722695,361.94255089341095,353.01794004946385,354.73345947265625,987508,0.0,0.0,0.0
2025-07-22,355.0011740225901,357.97604419596377,352.63117959206915,354.0888671875,1121102,0.0,0.0,0.0
2025-07-23,355.00117127900364,356.98441804592545,352.52211282035137,353.7814636230469,771597,0.0,0.0,0.0
2025-07-24,354.0293907249467,356.43905869051144,350.0430753783942,350.5289611816406,688855,0.0,0.0,0.0
2025-07-25,350.2413864460948,356.98441325842083,349.0613522146462,355.5366516113281,931294,0.0,0.0,0.0
2025-07-28,358.85860962877354,370.11351109945065,358.70984190802517,366.2065124511719,3333943,0.0,0.0,0.0
2025-07-29,366.90067130575227,371.74972443333786,354.812779200426,358.84869384765625,4317828,0.0,0.0,0.0
2025-07-30,360.94100673315006,361.93263017450005,348.0598279138367,353.4443359375,1928440,0.0,0.0,0.0
2025-07-31,355.0011839400684,359.31475186435495,349.5472551365199,353.9599914550781,855949,0.0,0.0,0.0
2025-08-01,355.00116784362547,359.06682972886017,352.0262977220308,356.8951721191406,1168697,0.0,0.0,0.0
2025-08-04,361.9128053849015,370.86716377026727,360.46504364673666,368.99298095703125,2876974,0.0,0.0,0.0
2025-08-05,368.9929746756637,374.6849136596771,368.8739847076956,371.7992858886719,3163979,0.0,0.0,0.0
2025-08-06,374.33783051528735,379.3058733934979,372.01743540922195,377.6399230957031,3126789,0.0,0.0,0.0
2025-08-07,377.8184308132989,381.18001830962515,373.0487248128671,379.08770751953125,2162742,0.0,0.0,0.0
2025-08-08,376.81687816741106,383.65907332385166,367.0989813089236,371.5910339355469,1639040,0.0,0.0,0.0
2025-08-11,370.86715792919546,379.1967885789595,368.8839110953495,372.7314147949219,1875675,0.0,0.0,0.0
2025-08-12,375.7955182410851,378.0564183653562,373.35613316904255,375.23028564453125,1139433,0.0,0.0,0.0
2025-08-13,376.92594979510034,383.7582494334865,375.83518828275163,382.1914978027344,1860408,0.0,0.0,0.0
2025-08-15,384.20450409126306,396.401459986056,379.79176779151834,391.0367736816406,3300897,0.0,0.0,0.0
2025-08-18,391.6912308848412,410.0362632174224,391.29458758949846,407.5770263671875,3728197,0.0,0.0,0.0
2025-08-19,408.5488372579515,426.3980583032018,408.5488372579515,422.4117431640625,3914791,0.0,0.0,0.0
2025-08-20,426.39804892184446,428.82753828210684,419.46661125226245,421.0631103515625,2577062,0.0,0.0,0.0
2025-08-21,421.4399375098613,425.3568619750247,405.573963391843,416.392578125,3096060,0.0,0.0,0.0
2025-08-22,416.39258435415445,420.94413211591797,412.01952154102213,413.5862731933594,1247451,0.0,0.0,0.0
2025-08-25,414.5085153340905,416.4818362553828,407.55722547848177,410.1156005859375,696364,0.0,0.0,0.0
2025-08-26,410.2346069645374,419.43687077774484,407.5572117170927,411.96002197265625,907341,0.0,0.0,0.0
2025-08-27,414.49859596914484,415.9860311221442,410.3337654359685,411.1568298339844,787919,0.0,0.0,0.0
2025-08-28,411.5237067569153,419.9525055700087,411.1568109446094,414.75640869140625,1560131,0.0,0.0,0.0
2025-08-29,416.4818321456144,431.3561832936721,415.73811458821154,423.8396911621094,2963919,0.0,0.0,0.0
2025-09-01,425.60476168254513,445.4372290440441,424.42472745358043,441.8177795410156,4086384,0.0,0.0,0.0
2025-09-02,444.2472763068523,444.2472763068523,434.33104246071724,437.02825927734375,2089897,0.0,0.0,0.0
2025-09-03,437.56375931119294,446.2305383046655,437.56375931119294,439.457763671875,2159612,0.0,0.0,0.0
2025-09-04,439.4577478384043,452.18026252353707,439.38832693874684,449.11614990234375,2993412,0.0,0.0,0.0
2025-09-05,451.08948304493146,477.9624835016673,450.29619642190585,462.2749938964844,6159407,0.0,0.0,0.0
2025-09-08,465.0713750516364,476.97085586319207,465.0713750516364,474.56121826171875,3073083,0.0,0.0,0.0
2025-09-09,473.89680946336404,481.89921744021285,468.5420492387387,476.98077392578125,3637777,0.0,0.0,0.0
2025-09-10,471.6160836331376,481.9289606901681,470.0294801792997,479.1623229980469,1838689,0.0,0.0,0.0
2025-09-11,479.4499200361253,482.9106760625947,473.9959912663245,476.6138916015625,1919069,0.0,0.0,0.0
2025-09-12,476.9708642317608,478.9541110684833,467.55044175732894,470.1980895996094,1666181,0.0,0.0,0.0
2025-09-15,470.1980667113803,475.0371633373925,466.062983942845,472.5977783203125,2177425,0.0,0.0,0.0
2025-09-16,475.8800575173792,476.97084929580836,471.0211089719522,473.5199890136719,1586736,0.0,0.0,0.0
2025-09-17,478.79998779296875,487.5,477.0,480.55999755859375,2244163,4.0,0.0,0.0
2025-09-18,481.0,486.0,480.55999755859375,484.45001220703125,1319613,0.0,0.0,0.0
2025-09-19,485.989990234375,494.5,480.54998779296875,487.989990234375,1361634,0.0,0.0,0.0
2025-09-22,489.4700012207031,491.9800109863281,481.010009765625,482.3999938964844,874264,0.0,0.0,0.0
2025-09-23,482.3999938964844,482.3999938964844,482.3999938964844,482.3999938964844,0,0.0,0.0,0.0
2025-09-24,476.70001220703125,481.0,473.0,474.8299865722656,578674,0.0,0.0,0.0
2025-09-25,475.04998779296875,477.6000061035156,460.0,464.6199951171875,1187814,0.0,0.0,0.0
2025-09-26,465.0,474.0,460.75,470.55999755859375,2136072,0.0,0.0,0.0
2025-09-29,473.9800109863281,473.9800109863281,466.0,467.1000061035156,847609,0.0,0.0,0.0
2025-09-30,467.25,478.0,463.1000061035156,475.8900146484375,1588041,0.0,0.0,0.0
2025-10-01,478.8900146484375,483.0,469.54998779296875,479.07000732421875,996089,0.0,0.0,0.0
2025-10-02,479.0,484.989990234375,470.1000061035156,472.1400146484375,1566426,0.0,0.0,0.0
2025-10-03,475.0,479.7900085449219,473.010009765625,474.1199951171875,837163,0.0,0.0,0.0
2025-10-06,472.5,474.0,467.0,470.6499938964844,827392,0.0,0.0,0.0
2025-10-07,470.6499938964844,470.6499938964844,470.6499938964844,470.6499938964844,0,0.0,0.0,0.0
2025-10-08,457.0,459.989990234375,440.0,443.95001220703125,2592217,0.0,0.0,0.0
2025-10-09,445.1099853515625,463.489990234375,445.1099853515625,450.8800048828125,1481644,0.0,0.0,0.0
2025-10-10,450.0,460.0,443.0,448.3399963378906,1114027,0.0,0.0,0.0
2025-10-13,441.0,450.0,425.0,431.3800048828125,2567586,0.0,0.0,0.0
2025-10-14,440.0,472.0,440.0,467.1600036621094,1942602,0.0,0.0,0.0
2025-10-15,468.0,470.010009765625,454.04998779296875,458.54998779296875,1873814,0.0,0.0,0.0
2025-10-16,458.3500061035156,465.95001220703125,452.1000061035156,454.5899963378906,1593384,0.0,0.0,0.0
2025-10-17,457.0,463.0,451.1199951171875,459.8900146484375,986837,0.0,0.0,0.0
2025-10-20,465.0,467.5,456.0,462.45001220703125,666061,0.0,0.0,0.0
2025-10-21,463.010009765625,465.0,458.010009765625,462.4100036621094,718850,0.0,0.0,0.0
2025-10-22,462.29998779296875,463.75,457.1099853515625,459.8500061035156,861474,0.0,0.0,0.0
2025-10-23,457.989990234375,460.0,450.0,451.7799987792969,635349,0.0,0.0,0.0
2025-10-24,451.7799987792969,455.0,443.0199890136719,452.32000732421875,510119,0.0,0.0,0.0
2025-10-27,452.32000732421875,452.32000732421875,443.79998779296875,445.20001220703125,388945,0.0,0.0,0.0
2025-10-28,455.0,464.8999938964844,450.510009765625,452.6400146484375,1406545,0.0,0.0,0.0
2025-10-29,452.510009765625,458.0,440.0,442.2799987792969,736919,0.0,0.0,0.0
2025-10-30,442.0,452.8500061035156,442.0,445.92999267578125,1121777,0.0,0.0,0.0
2025-10-31,450.0,462.0,450.0,459.8699951171875,754891,0.0,0.0,0.0
2025-11-03,465.0,465.4800109863281,458.0,459.9200134277344,709293,0.0,0.0,0.0
2025-11-04,460.0,462.04998779296875,449.82000732421875,454.760009765625,718536,0.0,0.0,0.0
2025-11-05,455.8500061035156,455.8500061035156,440.010009765625,442.0199890136719,1120641,0.0,0.0,0.0
2025-11-06,443.95001220703125,444.8399963378906,427.989990234375,439.6600036621094,1702646,0.0,0.0,0.0
2025-11-07,440.0,445.0,432.54998779296875,439.8399963378906,682624,0.0,0.0,0.0
2025-11-10,441.989990234375,446.5,439.0,441.4200134277344,708042,0.0,0.0,0.0
2025-11-11,441.0,443.989990234375,430.0,430.6199951171875,1365386,0.0,0.0,0.0
2025-11-12,430.0,434.0,422.0,424.3399963378906,1132424,0.0,0.0,0.0
2025-11-13,425.010009765625,449.0,425.010009765625,445.8999938964844,2584227,0.0,0.0,0.0
2025-11-14,448.1099853515625,450.8900146484375,441.510009765625,442.4100036621094,997259,0.0,0.0,0.0
2025-11-17,445.1000061035156,447.8999938964844,431.0,432.6300048828125,1116466,0.0,0.0,0.0
2025-11-18,435.989990234375,436.0,425.0,430.239990234375,1244144,0.0,0.0,0.0
2025-11-19,430.239990234375,434.5,426.9100036621094,428.0799865722656,911237,0.0,0.0,0.0
2025-11-20,430.0,432.8900146484375,426.1000061035156,429.7799987792969,644548,0.0,0.0,0.0
2025-11-21,431.0,435.0,426.5,428.4200134277344,838510,0.0,0.0,0.0
2025-11-24,428.010009765625,431.0,421.8699951171875,426.9800109863281,984016,0.0,0.0,0.0
2025-11-25,428.1000061035156,433.45001220703125,423.0,430.5299987792969,606817,0.0,0.0,0.0
2025-11-26,427.5,440.0,423.5,436.70001220703125,1197282,0.0,0.0,0.0
2025-11-27,438.07000732421875,457.0,438.0,451.5799865722656,1937982,0.0,0.0,0.0
2025-11-28,453.5,460.4800109863281,452.0,458.239990234375,1906835,0.0,0.0,0.0
2025-12-01,464.0,469.0,455.0,465.3500061035156,2448671,0.0,0.0,0.0
2025-12-02,468.989990234375,481.3999938964844,463.25,476.7099914550781,4149100,0.0,0.0,0.0
2025-12-03,480.0,480.0,466.0,471.1300048828125,973670,0.0,0.0,0.0
2025-12-04,469.0,472.9800109863281,465.0,471.44000244140625,568533,0.0,0.0,0.0
2025-12-05,478.0,478.0,468.010009765625,475.6000061035156,1475173,0.0,0.0,0.0
2025-12-08,475.0,477.9800109863281,471.5,476.05999755859375,755301,0.0,0.0,0.0
2025-12-09,479.45001220703125,488.70001220703125,473.489990234375,485.9200134277344,1639272,0.0,0.0,0.0
2025-12-10,485.9200134277344,504.0,485.2699890136719,497.2799987792969,2634361,0.0,0.0,0.0
2025-12-11,495.0,496.0,484.5199890136719,487.239990234375,1026336,0.0,0.0,0.0
2025-12-12,487.239990234375,492.7699890136719,481.0,488.82000732421875,761289,0.0,0.0,0.0
2025-12-15,490.0,496.0,487.0199890136719,488.6000061035156,697626,0.0,0.0,0.0
2025-12-16,491.9800109863281,500.0,487.5,488.29998779296875,1138092,0.0,0.0,0.0
2025-12-17,488.79998779296875,490.5,471.20001220703125,476.6300048828125,1401564,0.0,0.0,0.0
2025-12-18,479.1099853515625,495.0299987792969,477.0,485.489990234375,1456032,0.0,0.0,0.0
2025-12-19,485.6700134277344,503.0400085449219,485.6700134277344,499.0400085449219,2918362,0.0,0.0,0.0
2025-12-22,498.989990234375,529.5,495.0,512.7000122070312,3865992,0.0,0.0,0.0
2025-12-23,510.0,520.0,505.1000061035156,509.20001220703125,1265993,0.0,0.0,0.0
2025-12-24,495.010009765625,502.0,487.9599914550781,490.4200134277344,1659599,0.0,0.0,0.0
2025-12-26,491.8900146484375,497.79998779296875,485.0,486.3599853515625,1277190,0.0,0.0,0.0
2025-12-29,489.8900146484375,495.0,484.79998779296875,486.739990234375,941680,0.0,0.0,0.0
2025-12-30,487.0,492.0,486.1000061035156,487.239990234375,1120108,0.0,0.0,0.0
2025-12-31,492.0,492.0,470.0,474.9599914550781,3110153,0.0,0.0,0.0
2026-01-01,474.9599914550781,474.9599914550781,474.9599914550781,474.9599914550781,0,0.0,0.0,0.0
2026-01-02,483.989990234375,486.6499938964844,472.0,478.44000244140625,1492540,0.0,0.0,0.0
2026-01-05,478.5,498.989990234375,478.5,488.3599853515625,3367840,0.0,0.0,0.0
2026-01-06,490.5,514.0,489.0,508.79998779296875,6692054,0.0,0.0,0.0
2026-01-07,508.79998779296875,515.22998046875,506.010009765625,512.1500244140625,2461854,0.0,0.0,0.0
2026-01-08,514.489990234375,516.8800048828125,504.54998779296875,507.8399963378906,2146131,0.0,0.0,0.0
2026-01-09,507.0,508.2699890136719,492.0,498.29998779296875,1889315,0.0,0.0,0.0
2026-01-12,498.29998779296875,499.9700012207031,490.0,491.17999267578125,1108288,0.0,0.0,0.0
2026-01-13,494.20001220703125,506.0,488.0,500.0899963378906,1677757,0.0,0.0,0.0
2026-01-14,500.260009765625,502.0,487.1099853515625,490.0,1683329,0.0,0.0,0.0
2026-01-15,490.0199890136719,495.0,485.0,487.5799865722656,818902,0.0,0.0,0.0
2026-01-16,488.1000061035156,500.1199951171875,488.1000061035156,493.8599853515625,1495746,0.0,0.0,0.0
2026-01-19,497.989990234375,501.25,494.1600036621094,500.1499938964844,1057520,0.0,0.0,0.0
2026-01-20,501.0,502.9599914550781,495.0,496.3699951171875,1004690,0.0,0.0,0.0
2026-01-21,498.489990234375,499.7900085449219,490.0,492.3500061035156,1161563,0.0,0.0,0.0
2026-01-22,491.989990234375,497.20001220703125,490.1000061035156,495.1700134277344,788835,0.0,0.0,0.0
2026-01-23,494.9800109863281,497.0,485.010009765625,491.94000244140625,945441,0.0,0.0,0.0
2026-01-26,492.0,499.0,480.05999755859375,486.260009765625,1521757,0.0,0.0,0.0
2026-01-27,485.0,485.0,475.1000061035156,477.239990234375,1724656,0.0,0.0,0.0
2026-01-28,478.0,485.0,475.010009765625,478.07000732421875,1043937,0.0,0.0,0.0
2026-01-29,480.0,483.5,462.510009765625,465.42999267578125,1801771,0.0,0.0,0.0
2026-01-30,467.8999938964844,489.5,465.0,482.1300048828125,2341538,0.0,0.0,0.0
2026-02-02,483.5,486.82000732421875,473.5,475.9100036621094,1361788,0.0,0.0,0.0
2026-02-03,479.2699890136719,481.5,475.010009765625,476.05999755859375,1482328,0.0,0.0,0.0
2026-02-04,477.0,481.75,475.0,476.6600036621094,2918769,0.0,0.0,0.0
2026-02-06,477.0,478.0,466.5,468.6499938964844,1405871,0.0,0.0,0.0
2026-02-09,472.0,473.8500061035156,455.760009765625,457.489990234375,2459358,0.0,0.0,0.0
2026-02-10,459.989990234375,470.0,453.010009765625,465.95001220703125,1816434,0.0,0.0,0.0
2026-02-11,466.0,484.0,466.0,477.5299987792969,4625558,0.0,0.0,0.0
2026-02-12,477.0,482.5,467.05999755859375,472.8800048828125,2375010,0.0,0.0,0.0
2026-02-13,472.0,472.0,454.010009765625,460.8599853515625,4047882,0.0,0.0,0.0
2026-02-16,461.0199890136719,462.0,442.0,449.05999755859375,5941873,0.0,0.0,0.0
2026-02-17,449.05999755859375,457.0,441.0,445.6499938964844,2541525,0.0,0.0,0.0
2026-02-18,449.0,457.5,445.5,454.25,4594770,0.0,0.0,0.0
2026-02-19,453.8999938964844,453.8999938964844,432.6000061035156,435.7200012207031,1299232,0.0,0.0,0.0
2026-02-20,435.79998779296875,441.9700012207031,424.010009765625,436.5,1735381,0.0,0.0,0.0
2026-02-23,434.989990234375,435.0,397.0,407.9700012207031,3536711,0.0,0.0,0.0
2026-02-24,415.0,431.0199890136719,405.0,422.2200012207031,2981168,0.0,0.0,0.0
2026-02-25,423.239990234375,428.29998779296875,410.54998779296875,414.5799865722656,1153268,0.0,0.0,0.0
2026-02-26,415.0,430.5,408.0,424.05999755859375,2515007,0.0,0.0,0.0
2026-02-27,420.0,435.0,410.20001220703125,422.17999267578125,1338120,0.0,0.0,0.0
2026-03-02,379.9599914550781,410.20001220703125,379.9599914550781,381.2699890136719,7253805,0.0,0.0,0.0
2026-03-03,387.0,405.0,381.2699890136719,398.54998779296875,4351762,0.0,0.0,0.0
2026-03-04,398.0,398.0,389.0,390.6000061035156,1650846,0.0,0.0,0.0
2026-03-05,392.95001220703125,400.5,390.0,398.8299865722656,3782703,0.0,0.0,0.0
2026-03-06,397.989990234375,398.0,381.989990234375,383.0400085449219,2031009,0.0,0.0,0.0
2026-03-09,344.739990234375,359.989990234375,344.739990234375,344.9700012207031,3897451,0.0,0.0,0.0
2026-03-10,376.0,379.4700012207031,371.0,379.4100036621094,1965393,0.0,0.0,0.0
2026-03-11,385.0,390.0,375.1000061035156,379.0199890136719,1669709,0.0,0.0,0.0
2026-03-12,375.1000061035156,377.9599914550781,365.0,366.5,1772781,0.0,0.0,0.0
2026-03-13,365.0,367.6499938964844,350.0,358.8500061035156,1885853,0.0,0.0,0.0
2026-03-16,358.3999938964844,359.0,341.5,342.9100036621094,2232849,0.0,0.0,0.0
2026-03-17,345.0,354.9800109863281,341.0,346.7900085449219,2681764,0.0,0.0,0.0
2026-03-18,349.989990234375,363.5,343.9700012207031,356.5299987792969,2708443,0.0,0.0,0.0
2026-03-19,350.0299987792969,358.5199890136719,344.0,354.8500061035156,2716650,0.0,0.0,0.0
2026-03-20,354.8500061035156,354.8500061035156,354.8500061035156,354.8500061035156,0,0.0,0.0,0.0
2026-03-23,354.8500061035156,354.8500061035156,354.8500061035156,354.8500061035156,0,0.0,0.0,0.0
2026-03-24,379.67999267578125,379.67999267578125,358.0,365.2200012207031,4346775,0.0,0.0,0.0
2026-03-25,370.2300109863281,389.25,368.1099853515625,384.989990234375,4696288,0.0,0.0,0.0
2026-03-26,383.9700012207031,383.9700012207031,363.0,366.55999755859375,3312882,0.0,0.0,0.0
2026-03-27,366.1499938964844,373.0,360.0,362.29998779296875,1987580,0.0,0.0,0.0
2026-03-30,362.29998779296875,364.0,339.0,345.0899963378906,2657018,0.0,0.0,0.0
2026-03-31,355.0,364.0,350.5199890136719,356.8599853515625,1986599,0.0,0.0,0.0
2026-04-01,368.0,392.54998779296875,368.0,389.5799865722656,6249051,0.0,0.0,0.0
2026-04-02,376.0,383.44000244140625,370.0,378.75,2852587,0.0,0.0,0.0
2026-04-03,370.0,377.0,369.0,371.1700134277344,1461592,0.0,0.0,0.0
2026-04-06,370.5,382.55999755859375,361.3599853515625,379.260009765625,3261316,0.0,0.0,0.0
2026-04-07,372.0,385.0,370.0,382.1199951171875,2395447,0.0,0.0,0.0
2026-04-08,420.3299865722656,420.3299865722656,420.3299865722656,420.3299865722656,858501,0.0,0.0,0.0
2026-04-09,439.79998779296875,439.79998779296875,402.0,429.9700012207031,7125029,0.0,0.0,0.0
2026-04-10,431.1099853515625,447.79998779296875,431.1099853515625,435.760009765625,3957795,0.0,0.0,0.0
2026-04-13,415.0,425.0,407.0,410.05999755859375,3601011,0.0,0.0,0.0
2026-04-14,425.0,438.0,420.0,434.3599853515625,4056475,0.0,0.0,0.0
2026-04-15,455.0,458.44000244140625,433.989990234375,435.7699890136719,5435632,0.0,0.0,0.0
2026-04-16,439.989990234375,444.0,430.1499938964844,435.5,2920671,0.0,0.0,0.0
2026-04-17,438.010009765625,451.95001220703125,437.010009765625,449.3699951171875,3389829,0.0,0.0,0.0
2026-04-20,445.0,445.0,430.1000061035156,440.8599853515625,3733292,0.0,0.0,0.0
2026-04-21,448.0,448.0,438.5,441.0199890136719,1632822,0.0,0.0,0.0
2026-04-22,441.0,442.9700012207031,429.04998779296875,431.1199951171875,1376109,0.0,0.0,0.0
2026-04-23,430.0,433.989990234375,420.54998779296875,425.79998779296875,1051797,0.0,0.0,0.0
2026-04-24,422.2699890136719,435.0,415.0,430.25,1386253,0.0,0.0,0.0
2026-04-27,430.0,434.0,420.0,422.8800048828125,990168,0.0,0.0,0.0
2026-04-28,422.8800048828125,422.8800048828125,422.8800048828125,422.8800048828125,0,0.0,0.0,0.0
2026-04-29,422.8800048828125,422.8800048828125,422.8800048828125,422.8800048828125,0,0.0,0.0,0.0
2026-04-30,413.94000244140625,413.94000244140625,400.510009765625,407.989990234375,2247520,0.0,0.0,0.0
2026-05-04,411.0,425.0,406.80999755859375,411.17999267578125,1757797,0.0,0.0,0.0
2026-05-05,405.0,411.8999938964844,405.0,409.1000061035156,964827,0.0,0.0,0.0
2026-05-06,420.1000061035156,444.0,418.1099853515625,439.6099853515625,5101180,0.0,0.0,0.0
2026-05-07,445.25,457.0,436.0,449.6000061035156,3840933,0.0,0.0,0.0
2026-05-08,442.0,448.9700012207031,438.0,445.7300109863281,1727932,0.0,0.0,0.0
2026-05-11,440.260009765625,441.3999938964844,435.0,436.1300048828125,1302881,0.0,0.0,0.0
2026-05-12,436.1300048828125,440.0,427.0,428.29998779296875,708151,0.0,0.0,0.0
2026-05-13,428.0199890136719,431.3999938964844,421.0,422.3599853515625,767836,0.0,0.0,0.0
2026-05-14,422.3599853515625,429.8999938964844,421.0,422.79998779296875,531442,0.0,0.0,0.0
2026-05-15,429.0,429.0,416.0,417.75,1174717,0.0,0.0,0.0
2026-05-18,413.1499938964844,414.989990234375,405.0,406.510009765625,949984,0.0,0.0,0.0
2026-05-19,408.1099853515625,415.489990234375,406.1099853515625,407.8900146484375,628912,0.0,0.0,0.0
2026-05-20,410.010009765625,412.25,405.010009765625,410.8800048828125,3983677,0.0,0.0,0.0
2026-05-21,418.0,434.0,418.0,426.82000732421875,4012991,0.0,0.0,0.0
2026-05-22,430.4800109863281,431.5,420.1600036621094,422.1300048828125,1107759,0.0,0.0,0.0
2026-05-25,435.0,438.5,430.0,436.7699890136719,1913466,0.0,0.0,0.0
2026-05-26,436.7699890136719,436.7699890136719,436.7699890136719,436.7699890136719,0,0.0,0.0,0.0
2026-05-27,436.7699890136719,436.7699890136719,436.7699890136719,436.7699890136719,0,0.0,0.0,0.0
2026-05-28,436.7699890136719,436.7699890136719,436.7699890136719,436.7699890136719,0,0.0,0.0,0.0
2026-05-29,440.0,454.5,437.79998779296875,453.42999267578125,4073832,0.0,0.0,0.0
2026-06-01,451.8999938964844,452.1499938964844,434.0,437.1400146484375,2214263,0.0,0.0,0.0
2026-06-02,437.1400146484375,441.5,432.0,435.6700134277344,1596078,0.0,0.0,0.0
2026-06-03,435.6700134277344,435.6700134277344,435.6700134277344,435.6700134277344,0,0.0,0.0,0.0
2026-06-04,434.95001220703125,436.3599853515625,430.0,434.3999938964844,937132,0.0,0.0,0.0
2026-06-05,435.6000061035156,437.6700134277344,430.20001220703125,431.5,850824,0.0,0.0,0.0
2026-06-08,426.0,429.8999938964844,423.5,426.489990234375,1162090,0.0,0.0,0.0
2026-06-09,432.989990234375,438.0,431.0,432.1499938964844,3790348,0.0,0.0,0.0
2026-06-10,431.0,435.0,427.0,429.3500061035156,1587252,0.0,0.0,0.0
2026-06-11,427.0,434.8999938964844,422.0,433.0899963378906,3275763,0.0,0.0,0.0
